,rouge1,rouge2,rougeL,bert_score
global,0.39702714015091645,0.14459409160699357,0.19431518930399994,0.8288299936056137
facts_of_the_case,0.17956847099890613,0.02665423027698347,0.10232946347352075,0.7919618076086045
question,0.04277783476418723,0.006286843429999269,0.03246765873340019,0.7889240062236786
conclusion,0.18839921114369687,0.029302424133872587,0.10442914409908592,0.7945915901660919
