,rouge1,rouge2,rougeL,bert_score,Execution time
global,0.4729473959730662,0.18433388689473967,0.23116409803511442,0.8378395849466324,285.903112411499
facts_of_the_case,0.3626923497309816,0.05626251709635248,0.2120427550680419,0.7977485471963882,285.903112411499
question,0.41155738381246515,0.06180876822878217,0.3340819590407158,0.7937090587615967,285.903112411499
conclusion,0.3818007171344893,0.06259786489955484,0.21720289443112972,0.7997391957044602,285.903112411499
