,rouge1,rouge2,rougeL,bert_score,Execution time
global,0.3859612813675268,0.13581843228054485,0.19466711818781593,0.8194383496046066,26.21940869808197
facts_of_the_case,0.3260580939501271,0.04578622265580652,0.19392047626640999,0.7872273826599121,
question,0.37437800523822196,0.04377399909499029,0.30698746717832215,0.7839809638261795,
conclusion,0.3362871780123839,0.04518677434537322,0.19120166132210803,0.7867434746026993,
