,rouge1,rouge2,rougeL,bert_score,Execution time
global,0.5887643367209824,0.21440843715458224,0.2926844097240645,0.8288299936056137,25.490328550338745
facts_of_the_case,0.4308482631079169,0.06356231994214706,0.25758287132084495,0.7919618076086045,25.490328550338745
question,0.4817428586928122,0.07414550407430225,0.37939915772766597,0.7889240062236786,25.490328550338745
conclusion,0.4562494917011051,0.07540015962078572,0.2637646021244749,0.7945915901660919,25.490328550338745
