,rouge1,rouge2,rougeL,bert_score,Execution time
global,0.4217095083931858,0.12906372469307464,0.186344455636967,0.8167689567804337,11.788604154586793
facts_of_the_case,0.38908383734598234,0.061016172261099746,0.21610336427356894,0.7876326262950897,
question,0.431647948600343,0.057740497056222265,0.33810648033418345,0.7837799018621445,
conclusion,0.41191027332698676,0.062408293079037384,0.2200530137431965,0.7889574688673019,
