,rouge1,rouge2,rougeL,bert_score,Execution time
global,0.32288991313283205,0.09198303422240128,0.20287965618741174,0.8188380253314972,890.8091285228729
facts_of_the_case,0.2883019004743229,0.04283148574839096,0.21268098952422407,0.7952365779876709,890.8091285228729
question,0.3217715891273004,0.03825229872340871,0.27954366136441877,0.7865666562318802,890.8091285228729
conclusion,0.283553706160443,0.04208856968236058,0.21166240584729246,0.7908707916736603,890.8091285228729
