,rouge1,rouge2,rougeL,bert_score,Execution time
global,0.3614142786935336,0.11611148531717971,0.175531825950691,0.8065997982025146,11.357747793197632
facts_of_the_case,0.31532520810984754,0.04532309870890379,0.18576773018152953,0.7795057898759842,
question,0.3736832068932117,0.04445293580864708,0.2959053749157244,0.7760913699865342,
conclusion,0.32878845105964233,0.046902734425753184,0.18883808626870127,0.779408050775528,
