,rouge1,rouge2,rougeL,bert_score,Execution time
global,0.4015592103576355,0.1385501560299804,0.18415715980992584,0.8229101806879043,10.918484597206115
facts_of_the_case,0.38564778791607784,0.057386151369229955,0.21994708194878076,0.7892847824096679,
question,0.44414578131153554,0.06111045696758175,0.3493056949927741,0.7856728154420852,
conclusion,0.40271724959984234,0.0652287378976085,0.2250423059518968,0.7915278041362762,
