,rouge1,rouge2,rougeL,bert_score,Execution time
global,0.32288991313283205,0.09198303422240128,0.20287965618741174,0.8188380318880081,7306.407738208771
facts_of_the_case,0.2883019004743229,0.04283148574839096,0.21268098952422407,0.7952366030216217,7306.407738208771
question,0.3217715891273004,0.03825229872340871,0.27954366136441877,0.786566653251648,7306.407738208771
conclusion,0.283553706160443,0.04208856968236058,0.21166240584729246,0.7908708065748214,7306.407738208771
