,rouge1,rouge2,rougeL,bert_score,Execution time
global,0.44138497857433207,0.16216057744493123,0.20339757570104827,0.8227477830648422,9.98605263710022
facts_of_the_case,0.37020796491279695,0.05806610093525565,0.21624350260562994,0.7881969064474106,
question,0.41588107689105125,0.05931251048403536,0.32878381046203214,0.7829263806343079,
conclusion,0.393694843453856,0.0699420574260417,0.22504768192217192,0.7901122510433197,
