,rouge1,rouge2,rougeL,bert_score,Execution time
global,0.32715603071858096,0.12186403507830633,0.18849373247809997,0.8367526334524155,574.8971581459045
facts_of_the_case,0.276174342085735,0.046483085034165705,0.18270109571315257,0.8069009220600128,574.8971581459045
question,0.32862757702419637,0.04348068599596794,0.28103686785026666,0.8033384102582931,574.8971581459045
conclusion,0.28971128858000234,0.04942551038781437,0.1897257529854501,0.8077791267633438,574.8971581459045
