,rouge1,rouge2,rougeL,bert_score,Execution time
global,0.3818866574207332,0.131564117911718,0.2303390604824208,0.828329815864563,834.2829830646515
facts_of_the_case,0.30606465131308896,0.04463438016350889,0.2125767278531862,0.797832015156746,834.2829830646515
question,0.3476641389580283,0.051058231446216275,0.29435572338217714,0.7922170692682267,834.2829830646515
conclusion,0.3108607146580904,0.0534851168674175,0.21831780412965332,0.79785320520401,834.2829830646515
