,rouge1,rouge2,rougeL,bert_score
global,0.39613927637745255,0.13928972912037937,0.22318832235545827,0.8344870311021805
facts_of_the_case,0.2854569661534699,0.04349464324606272,0.19177209448456098,0.8037892740964889
question,0.3400976056079813,0.041473559179217856,0.2860319701337363,0.8005465137958526
conclusion,0.2921414137061593,0.05273642924691049,0.19909774654898674,0.8042021054029465
